year,month,temp,sd,nbr
1880,01,0.1,3.0482875579574396,93
1880,02,0.4,1.4471976995221738,87
1880,03,2,1.7804463625396172,92
1880,04,6.9,2.9137917345204682,90
1880,05,10.2,2.552227711756951,93
1880,06,14.8,2.412934610222268,90
1880,07,16.8,1.8907546771545645,93
1880,08,19,2.1099211314467814,93
1880,09,15.6,2.7974430986415664,90
1880,10,7.8,4.080431986774314,93
1880,11,5.4,2.6076160900157186,90
1880,12,2.8,2.3202338833600993,93
1881,01,-3.4,4.663701555842048,93
1881,02,-2.2,3.1497258757500592,84
1881,03,0,3.4538048751980805,93
1881,04,3.95,2.5107906947034113,90
1881,05,9.2,3.4899545281701956,93
1881,06,14.8,2.798447045714001,90
1881,07,16.4,1.8636674044698542,93
1881,08,14.6,1.6287326199974814,92
1881,09,13.2,2.2761193073131283,90
1881,10,7.8,3.2848967996837026,93
1881,11,6.75,2.243932031345508,90
1881,12,3.6,1.7473107634764982,93
1882,01,3.3,2.073026867338403,93
1882,02,2.6,2.121052575382969,84
1882,03,5.2,2.0419965433670435,93
1882,04,6.75,2.5991809427267096,90
1882,05,9.8,2.7482766923899082,93
1882,06,14.35,2.2280823170353568,90
1882,07,18.2,1.9733711126868907,93
1882,08,16.4,2.2553696769302904,93
1882,09,15,2.134586476514328,90
1882,10,9.8,2.453412103386141,93
1882,11,3.3,4.154052967275614,90
1882,12,0.4,2.8687809537890505,93
1883,01,0.5,2.430389696219462,92
1883,02,1.15,1.7533097134372768,84
1883,03,-1,2.8016992105815293,93
1883,04,4.1,2.8794818510171374,90
1883,05,10,2.928517232957784,93
1883,06,15.4,1.98636696717756,89
1883,07,17.3,2.6826019898943514,93
1883,08,15.2,1.4918251604965027,93
1883,09,14,2.2166606121964008,90
1883,10,9.9,2.1927059371443813,93
1883,11,6.1,1.316307493797409,90
1883,12,3.2,2.6260966898073126,93
1884,01,3.7,1.6609089419122238,93
1884,02,3.4,2.0062599173389466,87
1884,03,2.8,2.217045298380812,93
1884,04,4.9,2.4746971718544715,90
1884,05,10.2,2.226392961596928,93
1884,06,14.2,1.7628283639236488,89
1884,07,18,2.2603220198621226,93
1884,08,17.3,1.9022791043196077,92
1884,09,16.35,1.7003576035719572,90
1884,10,10.4,2.429915722012243,93
1884,11,2.75,5.122674863077783,90
1884,12,2.8,2.474301767764325,93
1885,01,0.4,1.7337592079401756,93
1885,02,2.25,1.9709406382299484,84
1885,03,2.6,1.7421573413338804,93
1885,04,6.7,2.5292469012811796,90
1885,05,9,3.0186180113517547,93
1885,06,14.3,2.5884119464440705,90
1885,07,18.2,2.1927043380641855,93
1885,08,15.2,2.562798232910405,92
1885,09,13.350000000000001,2.144187334596186,90
1885,10,9.3,3.1507228850626046,93
1885,11,4.45,2.637747923393324,90
1885,12,3.05,2.8158251432676344,92
1886,01,1.1,2.3325436117669405,93
1886,02,-1.7,1.665281122301501,84
1886,03,-1,3.379792408927319,93
1886,04,5.95,2.1997290152026894,90
1886,05,11.4,2.9662335333675354,93
1886,06,14.8,1.9807436104290133,89
1886,07,16.6,1.9463815458485099,93
1886,08,16.65,1.8764553199067402,92
1886,09,14.9,3.622707032344356,90
1886,10,10.8,2.846162413884441,93
1886,11,7.6,2.1267527837635343,90
1886,12,2.5,3.819551826730821,93
1887,01,-0.2,2.0622862987310016,93
1887,02,0.8,2.659030598944662,83
1887,03,2.2,2.8141526882826873,93
1887,04,6.4,2.5503209355611687,89
1887,05,9.8,2.329191542108913,93
1887,06,14.8,2.285034905499435,90
1887,07,17.4,2.680091267207333,93
1887,08,16.2,2.2034626793608596,93
1887,09,13.8,2.2596026188262046,90
1887,10,8.2,2.9126379041244226,93
1887,11,5,3.266290011152379,90
1887,12,2.7,4.869706281767643,93
1888,01,0.2,2.845689308249178,93
1888,02,-1.2,2.339823524235455,87
1888,03,-1.7,4.297798886501927,93
1888,04,2,2.227201485175265,89
1888,05,8.2,2.8168663187800576,93
1888,06,13.25,3.1533073218713223,90
1888,07,15.1,1.9051295143829894,93
1888,08,15.3,1.4936463622046827,92
1888,09,14.2,2.0992014414142,90
1888,10,8.4,2.1972639069879265,93
1888,11,5.1,2.550694747589522,90
1888,12,3.9,1.775843701136136,93
1889,01,0.5,2.4661684674350455,93
1889,02,-1.6,3.770784111060259,83
1889,03,0.2,3.0986993757723376,93
1889,04,3.55,3.028701653822173,90
1889,05,13.2,2.7720205102433697,93
1889,06,19.6,2.3994121210916326,90
1889,07,17.2,1.891798444806879,93
1889,08,15.4,1.6949416749299184,92
1889,09,12.4,2.3518752313038367,90
1889,10,10.4,2.667840438260986,93
1889,11,7.25,3.0828835586516634,90
1889,12,1.9,2.1449806593499874,93
1890,01,2.9,1.8416376587190422,93
1890,02,0.3,2.028597892403724,84
1890,03,3.6,3.597890725384702,93
1890,04,6.300000000000001,1.7698829461143235,90
1890,05,11.6,2.748934937618131,93
1890,06,14,2.1112980073654026,90
1890,07,15.4,1.9848838526141515,93
1890,08,16.8,1.9668881262938607,93
1890,09,14.8,1.557803841627297,90
1890,10,9.6,3.4152995018353844,93
1890,11,7.4,4.425189078110529,90
1890,12,-1.7,2.0564628055686387,93
1891,01,-2.7,3.3622088484128936,93
1891,02,0.3,1.3902228056054444,84
1891,03,1.3,2.135024823226284,93
1891,04,5,2.5010248154869053,89
1891,05,10,2.5791414360179186,93
1891,06,14.05,3.9050255721443263,90
1891,07,18,1.5387294018257438,93
1891,08,16,1.286637004989634,93
1891,09,14.75,1.943904009076675,90
1891,10,12.649999999999999,3.861659797025091,92
1891,11,4.35,2.5514112028625227,90
1891,12,4.1,2.8007078514865156,93
1892,01,0.6,2.660011125265412,93
1892,02,1.2,2.774529009930274,87
1892,03,0.6,2.9849012284527126,93
1892,04,5.5,1.8190310197652575,89
1892,05,9.8,3.530280751999519,93
1892,06,13.9,2.2137116684002653,90
1892,07,15.2,2.2788051034422487,92
1892,08,16.4,1.871786790142319,93
1892,09,14.55,1.5175313417796008,90
1892,10,9.4,3.325572780003546,93
1892,11,5.1,3.149390088190174,90
1892,12,1,3.6590847702360936,93
1893,01,-5.3,4.802183886470445,93
1893,02,-1.1,3.899429948467995,83
1893,03,2.1,1.8090921478056299,93
1893,04,5.9,2.0285404308641315,90
1893,05,10.8,2.4528889761107737,93
1893,06,15.2,2.6140513899239903,90
1893,07,18.2,2.2496812926842717,93
1893,08,17.7,2.353596811757308,93
1893,09,12.649999999999999,2.059316699396788,90
1893,10,10.6,1.8419815995779467,93
1893,11,4.7,2.4768365107781327,89
1893,12,3.6,1.8638699579628277,93
1894,01,1.8,3.173345482629832,93
1894,02,2.3,2.7477198078194616,84
1894,03,3.6,1.978282035756461,93
1894,04,7.2,2.2540749616160216,90
1894,05,11,2.387811401944801,93
1894,06,15.4,2.7974504622314944,90
1894,07,18.15,2.449324916499208,92
1894,08,16.2,1.6224977137825332,93
1894,09,12.25,2.3698786032742643,90
1894,10,8.3,3.403143227108863,93
1894,11,7.55,1.7933115435235538,90
1894,12,4.1,1.5054676723782447,93
1895,01,-0.8,2.987868567854873,93
1895,02,-3.55,4.624875988785709,84
1895,03,0.6,2.456828268843794,93
1895,04,5.65,3.0645286473146625,90
1895,05,12,2.5200602373381864,93
1895,06,15.649999999999999,2.5389214928914536,90
1895,07,15.9,1.6158952145957761,93
1895,08,16.6,1.889457971456352,93
1895,09,14.8,1.8773187909080944,90
1895,10,9.8,2.8249853644736667,93
1895,11,6.55,3.2745223894335145,90
1895,12,1.6,3.037362401818607,93
1896,01,1.2,1.7377703307112078,93
1896,02,1.4,2.5965031076683727,87
1896,03,3.2,2.3978528848165395,93
1896,04,5.95,2.0563303192878504,90
1896,05,11.6,2.179779252047735,93
1896,06,17.95,2.754892594728402,90
1896,07,18.2,2.642880563288711,93
1896,08,16.6,1.8378653237129732,93
1896,09,14.2,1.8557024843336412,90
1896,10,10.5,1.9107964458579847,93
1896,11,4.1,2.8634717846825226,90
1896,12,1,1.9067735612140053,93
1897,01,-1.6,3.046662963426743,93
1897,02,0.6,4.122587961149919,84
1897,03,2.5,1.4571710121254728,93
1897,04,5.6,2.8410248102637774,90
1897,05,10.9,3.264562798672996,93
1897,06,16.45,2.6914719436528896,90
1897,07,16.9,1.928645313237513,93
1897,08,18.6,1.7579951605656456,93
1897,09,13.8,1.8156102828322196,90
1897,10,9.2,2.1334016322634093,93
1897,11,5.6,2.7153204311269383,90
1897,12,4.2,2.079502134107994,93
1898,01,4.3,1.9547367578337416,93
1898,02,2.75,2.492939829996692,84
1898,03,2.4,1.8711079286843433,93
1898,04,5.1,1.809167941126804,90
1898,05,9.4,1.8763550503289113,93
1898,06,14.850000000000001,2.208375838754243,90
1898,07,14.2,1.5531611282851765,93
1898,08,16,1.849935242665817,93
1898,09,14.2,2.163787773347906,90
1898,10,9.6,3.5112012704844098,93
1898,11,7.05,2.1717827813660837,90
1898,12,5.8,2.9391864868192825,93
1899,01,3.1,2.7527830280012964,93
1899,02,3,3.041149230188382,84
1899,03,2.9,4.028508448285241,93
1899,04,6.15,1.697837355400469,90
1899,05,11.1,2.8949190549540167,93
1899,06,14.2,2.2320343922282846,90
1899,07,19.6,2.629913420681469,93
1899,08,17.4,2.466042875018716,93
1899,09,13.850000000000001,2.2184269713506417,90
1899,10,10.2,1.9009692171282992,93
1899,11,8.7,1.7518087674038678,90
1899,12,0,3.4940261581489187,93
1900,01,0.5,2.6517973122973117,93
1900,02,0.6,2.8942154507150595,84
1900,03,1.4,2.1946005609799224,93
1900,04,5.45,2.601847993978566,90
1900,05,9.4,2.3660856670510086,93
1900,06,15.4,1.8790971880659215,90
1900,07,18.4,2.5532798439780016,93
1900,08,17,2.0711068063862763,93
1900,09,14.3,1.8140401244277118,90
1900,10,10.1,2.9922179727498026,93
1900,11,6.55,1.885293633600316,90
1900,12,5.4,3.050441993127584,93
1901,01,-0.4,2.5955908959448393,93
1901,02,-1.8,3.3366882141831833,84
1901,03,1.2,1.6994664069219476,93
1901,04,5.2,2.7087954949954907,90
1901,05,12.1,2.62225657526434,93
1901,06,14.4,2.297686237814184,90
1901,07,20.3,2.4345600729799433,93
1901,08,18.9,2.475703818495752,93
1901,09,14.9,1.9970905804486823,90
1901,10,11.6,2.5019408081300862,93
1901,11,6,2.6891164099323204,90
1901,12,2.8,2.5889938587337378,93
1902,01,4,2.3265410723612474,93
1902,02,-0.6,1.8793602963110998,84
1902,03,2.6,2.142411071361184,93
1902,04,4.9,1.9367040872570085,90
1902,05,8,3.147095472205037,93
1902,06,14.4,2.7424869565080394,90
1902,07,15.2,1.7932754500200727,93
1902,08,14.4,1.3971352510658805,93
1902,09,13,2.5999762315248924,90
1902,10,9,1.5763645513303632,93
1902,11,3.7,3.8810562998360227,90
1902,12,1.6,3.201616147518973,93
1903,01,1.2,3.329586018937415,93
1903,02,3.2,2.1456713687072306,84
1903,03,4,2.2789947793492362,93
1903,04,4.8,1.8914450281812871,90
1903,05,10.2,2.9564906290473325,93
1903,06,15.5,2.376526121147079,90
1903,07,17.2,1.8940490205851634,93
1903,08,15,1.3936374488881358,93
1903,09,13,2.3077257208119164,90
1903,10,9.4,2.494488079895084,93
1903,11,5.45,3.429898103260731,90
1903,12,1.8,1.4753158313541,93
1904,01,1.4,1.6302697126973753,93
1904,02,0.8,2.2061031720116833,87
1904,03,2,2.357015331223421,93
1904,04,6.1,1.9909859288274776,90
1904,05,9.6,2.2565876757371783,93
1904,06,15,1.952655926818477,90
1904,07,17,2.399661032631224,93
1904,08,16,2.549463454997619,93
1904,09,14,2.507964840353516,90
1904,10,9.8,2.4103306375145275,93
1904,11,6.1,2.467649616884529,90
1904,12,4.8,3.5020474209214276,93
1905,01,1.2,2.996140965068557,93
1905,02,2,1.8028838376213807,84
1905,03,3.4,1.7754448178063065,93
1905,04,4.2,2.0094893482422655,90
1905,05,11,3.1428432617799986,93
1905,06,17,2.5000813969270927,90
1905,07,18,1.7392816086703726,93
1905,08,17,2.102256184654633,93
1905,09,14,2.223674962101847,90
1905,10,7.2,2.7317908337609396,93
1905,11,4.5,2.993187437532896,90
1905,12,3.6,2.897534861722083,93
1906,01,3,2.2704800101279985,93
1906,02,1.4,1.325115957428291,84
1906,03,2,2.3403512640778277,93
1906,04,7.2,2.5770222535672396,90
1906,05,12.4,2.7966975281657867,93
1906,06,16,2.694697248008942,90
1906,07,17.4,2.43896030087179,93
1906,08,16.4,2.123632029502155,93
1906,09,13.9,2.8780576748955133,90
1906,10,10.8,2.446077662846955,93
1906,11,8.2,1.6299108069007748,90
1906,12,0.2,3.5989239210400537,93
1907,01,1,3.5525965193060562,93
1907,02,-0.2,2.3883355263332207,84
1907,03,1.8,2.144293992773083,93
1907,04,4.4,1.8357403334309754,90
1907,05,9.2,2.8363169396492327,93
1907,06,12.8,2.5089216588282164,90
1907,07,15,1.9607908595166155,93
1907,08,14.5,1.7056317079433223,93
1907,09,13,1.7513928824550211,90
1907,10,13,1.7781424454567005,93
1907,11,5.8,2.241687655666605,90
1907,12,3,3.312387321996175,93
1908,01,1.2,2.9628343012686678,93
1908,02,2.1,1.8958279980128314,84
1908,03,1.4,2.354178245740161,93
1908,04,4.2,2.124678429072572,90
1908,05,9.2,2.769417401597857,93
1908,06,14.55,2.6541195925364107,90
1908,07,18.4,2.84889970804819,93
1908,08,16,2.066511515990729,93
1908,09,13,1.4529495593352628,90
1908,10,9.9,3.6494941915472956,93
1908,11,3.9,2.0793524513004256,90
1908,12,2.4,4.371065719166394,93
1909,01,0.4,1.9861070762607618,93
1909,02,-2,2.4661945594940913,84
1909,03,-0.5,2.6682701759099103,93
1909,04,3.7,2.572131445859936,90
1909,05,7.6,2.516147477785687,93
1909,06,13.3,2.322348675540888,90
1909,07,15,1.807065634809275,93
1909,08,15.3,1.6201959952776097,93
1909,09,13,1.766037270402139,90
1909,10,13,2.017998142476549,93
1909,11,3.45,3.3564598495435636,90
1909,12,3.2,1.9183021458974214,93
1910,01,2.8,2.452822743481414,93
1910,02,2,1.471185763321819,84
1910,03,3.9,1.820269876060245,93
1910,04,6.45,1.9840323886849256,90
1910,05,12,3.929872943973345,93
1910,06,16.35,2.6533951115462484,90
1910,07,17.2,2.0256997705835653,93
1910,08,17,1.7239017684174684,93
1910,09,14.6,2.1496186114707703,90
1910,10,11,3.1249901355618035,93
1910,11,4.15,2.571732682213306,90
1910,12,4,2.0335722466343404,93
1911,01,2.2,2.2932783868734288,93
1911,02,1.5,1.9258228751404498,84
1911,03,2.6,2.2294178343948685,93
1911,04,6.35,3.4755188046244805,90
1911,05,12.6,3.239606677653933,93
1911,06,15.149999999999999,2.6548476378174644,90
1911,07,17,2.5247281015804,93
1911,08,19.4,3.20404394721862,93
1911,09,15.4,2.3539806114539523,90
1911,10,10.2,2.629269385876295,93
1911,11,7.699999999999999,3.097225208958212,90
1911,12,4,1.3245823744007637,93
1912,01,-1.4,3.4722142247063887,93
1912,02,0.1,4.3351423238678475,87
1912,03,2.8,1.4860886785593614,93
1912,04,5.55,3.4598384207398998,90
1912,05,9.9,2.0670787114311797,93
1912,06,13.8,2.469207113687943,90
1912,07,19.5,2.600733974150581,93
1912,08,15.7,1.8882569367010231,93
1912,09,12.3,2.1379000746266508,90
1912,10,9,2.086164602553717,93
1912,11,4.9,1.8693883983191635,90
1912,12,5,1.3444846907584944,93
1913,01,1,2.811644706582649,93
1913,02,1.15,1.6136586218964202,84
1913,03,4,1.7784618638631307,93
1913,04,6.05,3.4717315708267473,90
1913,05,11.3,2.7191896807448166,93
1913,06,14.4,2.0325392935992577,90
1913,07,16.6,2.329015908171144,93
1913,08,15.8,2.087729349854087,93
1913,09,14.45,2.2878458103497885,90
1913,10,10.8,2.6349788622469212,93
1913,11,8.350000000000001,1.845230380211352,90
1913,12,4.5,3.189971942058009,93
1914,01,0.5,3.335793388619386,93
1914,02,3.45,1.3748598217806638,84
1914,03,3.3,1.4518193193846065,93
1914,04,7.5,2.7121820248335493,90
1914,05,10.5,2.686858744179427,93
1914,06,15.7,2.6631439747434302,90
1914,07,20,2.991496832011139,93
1914,08,18.3,1.617159764401716,93
1914,09,14.95,2.337214802646061,90
1914,10,9.8,1.7249861949024465,93
1914,11,5.2,2.924827854340848,90
1914,12,4.8,2.159465502756876,93
1915,01,1,2.627670395313092,93
1915,02,1.1,1.4767557400522928,84
1915,03,0,2.3742177176748114,93
1915,04,5.35,2.5405694506513736,90
1915,05,9.9,2.6646290134531183,93
1915,06,14.45,2.1662016210803268,90
1915,07,16,1.8298240883985004,93
1915,08,16.3,1.7044931409938806,93
1915,09,14,2.4884474650908053,90
1915,10,8,3.5598686487894384,93
1915,11,3.9,3.404850949383189,90
1915,12,2,3.1021950032585264,93
1916,01,3.5,2.118018603565391,93
1916,02,1,1.604124595448413,87
1916,03,1.2,1.9658699585125516,93
1916,04,5.15,2.686583859468666,90
1916,05,10,2.363756449706629,93
1916,06,12.25,2.1487333318343227,90
1916,07,16.8,2.4443990036435457,93
1916,08,16.1,1.4036276716017708,93
1916,09,13.1,2.7936042524132016,90
1916,10,9.4,3.5191445287340426,93
1916,11,6.9,3.457935020607179,90
1916,12,3.3,1.6101514393944476,93
1917,01,-1.1,2.772292449056359,93
1917,02,-0.8,3.0736146471908734,84
1917,03,-1,3.0309510601667196,93
1917,04,3.55,2.369764812890613,90
1917,05,9.5,3.305251392786707,93
1917,06,16.8,3.149761895762916,90
1917,07,18,1.8610560676050354,93
1917,08,18.8,2.2159173845322986,93
1917,09,14.55,1.5153517368558396,90
1917,10,9.2,2.554519137223363,93
1917,11,6.8,1.6987654326028188,90
1917,12,1.6,3.2103739192284553,93
1918,01,0.6,2.5577609715277894,93
1918,02,0.95,2.3349867103399418,84
1918,03,1.7,2.384499284890791,93
1918,04,6.8,3.4879560924517685,90
1918,05,11.4,3.708411587599036,93
1918,06,13.25,2.0145677318143007,90
1918,07,16.4,1.816229880024029,93
1918,08,17.2,1.8971731634606295,93
1918,09,13,1.6853499619906906,90
1918,10,10.5,1.7136780268231964,93
1918,11,5.35,2.8265684828541957,90
1918,12,3.4,1.906575565780646,93
1919,01,2,2.456472877833682,93
1919,02,0.45,3.0190756603304547,84
1919,03,1,2.3419108687275116,93
1919,04,5.2,1.6502264059853229,90
1919,05,10.9,3.2369961372420373,93
1919,06,14.45,2.3350662371943316,90
1919,07,15.7,1.8740202364588587,93
1919,08,14.1,1.4747167935974599,93
1919,09,14,2.2196109814253306,90
1919,10,7.6,3.000577706570025,93
1919,11,1.8,2.5471751262124687,90
1919,12,1.1,2.860935729648931,93
1920,01,1.1,2.1053261782846255,93
1920,02,2.3,1.4184440161286613,87
1920,03,4.2,1.8029902179546637,93
1920,04,7,1.4546820529435478,90
1920,05,11.1,2.675187706687543,93
1920,06,14.8,2.8286356738330403,90
1920,07,17.7,1.9216806381363976,93
1920,08,16,1.6892788184906644,93
1920,09,14,1.6239222873972812,90
1920,10,8.8,3.3627083409997462,93
1920,11,4.699999999999999,1.974020087503586,90
1920,12,2.1,1.720354997776061,93
1921,01,3.7,2.0739710156427065,93
1921,02,2.05,1.6609875992715966,84
1921,03,4.6,1.7321344794999214,93
1921,04,7,2.9488599968290927,90
1921,05,13,2.8660137116918025,93
1921,06,14.4,3.1409867482701976,90
1921,07,16.5,2.2416626476568577,93
1921,08,15.4,2.0702900718902124,93
1921,09,13.5,2.323753743552478,90
1921,10,11.6,2.579665238799993,93
1921,11,3.1500000000000004,2.624255675936349,90
1921,12,3.2,2.6459293318200143,93
1922,01,-1.2,2.569390429834607,93
1922,02,-1.4,4.219501619685821,84
1922,03,1.7,1.8107536806549946,93
1922,04,4.1,2.7287977350202572,90
1922,05,10.1,3.249273662857344,93
1922,06,14.3,1.9507481198801602,90
1922,07,15,1.564159263917377,93
1922,08,15,1.5511732277285126,93
1922,09,12.6,2.221862767432627,90
1922,10,6.6,3.085807669988051,93
1922,11,4.8,1.79918833135539,90
1922,12,4,2.0298854112015032,93
1923,01,3.2,1.904665662431992,93
1923,02,-0.1,3.3599382900105903,84
1923,03,1.5,2.144807378525422,93
1923,04,4.699999999999999,2.35954670946716,90
1923,05,8.7,1.9307221892450015,93
1923,06,11.649999999999999,1.623230237672519,90
1923,07,16.5,3.2460883785828796,93
1923,08,14.3,1.4121252455819602,93
1923,09,12.5,1.4275901837831322,90
1923,10,10.6,1.4718950330483134,93
1923,11,5,4.024615272282264,90
1923,12,2.3,4.042369398092057,93
1924,01,-1.4,3.045707591982178,93
1924,02,-2.8,3.152574759294015,87
1924,03,-0.8,2.6433227598453093,93
1924,04,3,1.6235797596530501,90
1924,05,8.7,2.9799069989347218,93
1924,06,13.3,2.6869044792101375,90
1924,07,15.4,1.4707988244014485,93
1924,08,16.5,1.708960790823543,93
1924,09,14.2,2.1355267282315293,90
1924,10,10.5,2.839636308024556,93
1924,11,6.4,2.1007031698315504,90
1924,12,4.8,2.1595888999816135,93
1925,01,4.3,1.9939166481608495,93
1925,02,3.6,2.2169158772683915,84
1925,03,2.5,3.0879548524291103,93
1925,04,6.65,2.069636623976747,90
1925,05,12.5,2.650703594617298,93
1925,06,14.7,2.655919589129178,90
1925,07,19,3.2674045783805044,93
1925,08,17.5,1.7082671682417148,93
1925,09,13.2,1.4979757460754202,90
1925,10,9.3,3.1385730015738855,93
1925,11,3.75,3.464851152375071,90
1925,12,1.3,3.842791044378121,93
1926,01,1.8,2.4559889495741034,93
1926,02,1,2.1450887213562893,84
1926,03,2.7,1.9002620325698159,93
1926,04,6.4,2.1924057439983833,90
1926,05,10,2.9188466440788394,93
1926,06,14.95,2.104123530169328,90
1926,07,19,2.3166289125508586,93
1926,08,17.2,1.9298902535732023,93
1926,09,13.649999999999999,2.0248583125783095,90
1926,10,7.8,4.046861140005796,93
1926,11,7.35,2.5679891043285332,90
1926,12,2.1,2.9431551480237914,93
1927,01,3.1,1.7240387148831904,93
1927,02,1.2,2.380488193420248,84
1927,03,4.1,1.7659531315505232,93
1927,04,5.3,1.8058239116813133,90
1927,05,8.6,2.1743876527264234,93
1927,06,11.8,1.7447177279039787,90
1927,07,18.2,2.4600871906311057,93
1927,08,17.6,1.97731229409226,93
1927,09,14.3,2.2662766793830813,90
1927,10,9.8,2.0454929988215906,93
1927,11,2,4.548611619540432,90
1927,12,-1.5,3.4429586795920475,93
1928,01,1,1.6518346579668324,93
1928,02,1.2,1.6622030578763451,87
1928,03,1.4,2.408971078070254,93
1928,04,4.55,3.6465221232711067,90
1928,05,9.7,2.677894199656426,93
1928,06,12.4,1.7825933919429724,90
1928,07,15.2,2.240659798973476,93
1928,08,15.7,1.4716591788396274,93
1928,09,14.2,3.0195784362364675,90
1928,10,10.3,2.3422771552678734,93
1928,11,7.95,2.2144694976573804,90
1928,12,1.7,2.6234419005058207,93
1929,01,-2,2.1072122860578912,93
1929,02,-6.1,3.2746553645752177,84
1929,03,0.7,2.4942716044648474,93
1929,04,3,2.5348381594062417,90
1929,05,10.7,3.142610082394454,93
1929,06,12.4,2.353061596389796,90
1929,07,15.6,2.3596915036758235,93
1929,08,16.3,1.5742693489900976,93
1929,09,14.75,2.2471680055002166,90
1929,10,10.9,2.1412798687679375,93
1929,11,7,1.4231350457009069,90
1929,12,5.2,2.6608928259394524,93
1930,01,3.4,1.6314113640658443,93
1930,02,0.7,2.0905666741180187,84
1930,03,2.5,1.8580108452523276,93
1930,04,6.05,2.831010063127309,90
1930,05,11,2.678348070564536,93
1930,06,16.75,2.8761668641113705,90
1930,07,16.9,1.6165106222556527,93
1930,08,16.9,1.5001737471447276,93
1930,09,14,1.8743784654413744,90
1930,10,11,2.011252241110648,93
1930,11,7.25,2.4646922455285445,90
1930,12,3.6,2.191765476648524,93
1931,01,1.4,2.3742723596844706,93
1931,02,-0.25,2.1917028513032477,84
1931,03,-0.2,2.925975460990227,93
1931,04,3.9,1.8147213238252498,90
1931,05,11.5,2.7880807214635865,93
1931,06,13.6,2.1863339588853483,90
1931,07,16.2,1.8510020282670954,93
1931,08,16,2.351685160667593,93
1931,09,11.8,2.739486998277749,90
1931,10,9.9,3.560437907416252,93
1931,11,5.35,2.802579514497519,90
1931,12,2.2,2.7452717650623626,93
1932,01,3.2,1.7985371438692928,93
1932,02,1,2.732784318416113,87
1932,03,1,3.2441586301214222,93
1932,04,5.65,1.9799128595309012,90
1932,05,11.4,2.906560665831839,93
1932,06,14.45,2.2475243697809044,90
1932,07,18.8,2.3971513794205563,93
1932,08,18,1.8104406051195747,93
1932,09,14.4,2.0241257109879927,90
1932,10,9.7,2.3361020106195216,93
1932,11,5.55,2.0460052121975583,90
1932,12,4,2.2759402805923563,93
1933,01,-0.2,4.074789364911571,93
1933,02,1,2.776537579330057,84
1933,03,2.8,2.1872051327344955,93
1933,04,5.45,2.031926510314989,90
1933,05,10.4,2.840835432765198,93
1933,06,16.35,2.1181944705883264,90
1933,07,18.2,1.929495957939898,93
1933,08,17.8,1.7090968829217132,93
1933,09,15,2.4681564991648197,90
1933,10,11.2,2.5114497041834802,93
1933,11,5,2.383741485703027,90
1933,12,1.2,2.409946080766531,93
1934,01,2.4,1.7660828465422749,93
1934,02,3.3499999999999996,2.0092299926865484,84
1934,03,3.8,1.2394972513826454,93
1934,04,7.45,3.080303501754551,90
1934,05,11.8,2.577009331007382,93
1934,06,15.2,2.980801867833704,90
1934,07,19,2.4888874105329655,93
1934,08,17.5,1.7707145753979894,93
1934,09,16.5,2.011048136356157,90
1934,10,11.7,2.9392779451269453,93
1934,11,7.45,1.8127048508801686,90
1934,12,6.8,2.491149832804335,93
1935,01,1,2.8627159464388576,93
1935,02,2.6,2.7182715623832974,84
1935,03,2.6,3.0062386433446466,93
1935,04,6.2,3.5846461317872547,90
1935,05,10,4.010131803662936,93
1935,06,15.7,3.305558629442858,90
1935,07,17.8,2.5921519991909756,93
1935,08,16.7,1.8516970975803442,93
1935,09,14.55,2.2093346962942686,90
1935,10,11.2,3.249218627974981,93
1935,11,6.699999999999999,2.2454003477326716,90
1935,12,3,1.90927340058622,93
1936,01,3.4,1.3193067725064174,93
1936,02,0,2.471811139105178,87
1936,03,2,2.1441958795967024,93
1936,04,4.9,1.9535798952157704,90
1936,05,11.5,2.4671308143981685,93
1936,06,16.700000000000003,3.5733784725194124,90
1936,07,18,1.7460072664436574,93
1936,08,17,1.790761184370585,93
1936,09,14.2,2.8988268753813515,90
1936,10,9,2.247637583732615,93
1936,11,6.95,2.365382887556277,90
1936,12,4.4,1.5906965669235729,93
1937,01,0.3,3.522124356308231,93
1937,02,0.75,1.672048825487324,84
1937,03,1.8,2.2769922665967024,93
1937,04,6,1.8087303884154564,90
1937,05,12,3.2517007453424127,93
1937,06,15.1,2.698457736801407,90
1937,07,17.8,2.0355334551261546,93
1937,08,19,1.9475995462414417,93
1937,09,15.5,2.424264564080039,90
1937,10,11.4,1.6043076946320596,93
1937,11,5.3,3.0828234217495964,90
1937,12,1,2.9452341039497565,93
1938,01,2.8,2.2595183325001282,93
1938,02,2.1,2.1318860956269408,84
1938,03,5.8,1.7571532823814804,93
1938,04,6.7,2.1313708201609844,90
1938,05,10.5,2.792040630719844,93
1938,06,14,1.6691894763971094,90
1938,07,17.5,2.35923825473181,93
1938,08,19.6,2.776037432063358,93
1938,09,16,1.8784436541450353,90
1938,10,11.5,2.684785627623304,93
1938,11,9,1.5488342843730694,90
1938,12,1,4.394424620122125,93
1939,01,2.2,2.257952027519357,93
1939,02,3.1500000000000004,1.9910942712530308,84
1939,03,2.5,2.057612236535842,93
1939,04,6.4,2.4138388466358083,90
1939,05,11,3.2565516370464453,93
1939,06,16.2,2.616097292475068,90
1939,07,17.8,2.2278823040148037,93
1939,08,19.8,2.4533277816673977,93
1939,09,16.65,4.074923312161838,90
1939,10,6.8,2.448777256392647,93
1939,11,6.2,2.6166279011417934,90
1939,12,1.6,3.108122117115761,93
1940,01,-3.5,3.536158974064242,93
1940,02,-6.5,5.231639908740216,87
1940,03,0.1,2.3944790011126678,93
1940,04,3.3,2.7427719104601076,90
1940,05,10.2,2.9787042185956265,93
1940,06,16.2,2.8767371671893556,90
1940,07,18,2.0317713710358314,93
1940,08,15,2.370237283044382,93
1940,09,11.6,1.7471003264156864,90
1940,10,8.6,3.3739237371085045,93
1940,11,6.4,2.2009727165224935,90
1940,12,0.4,3.2506039284959414,93
1941,01,-4.8,3.53268052575586,93
1941,02,-2.5,3.415699805824743,84
1941,03,0.8,1.5630649516289312,93
1941,04,4,2.1375733263079706,90
1941,05,8.8,4.086682895955975,93
1941,06,14.7,3.856441503984979,90
1941,07,20,2.6669465725001618,93
1941,08,16.6,2.1442825464671587,93
1941,09,13.2,1.9280775778135628,90
1941,10,9.8,3.4345956003322153,93
1941,11,3,1.9407197784396815,90
1941,12,3.4,3.6180476526994916,93
1942,01,-6,5.9238365646507996,93
1942,02,-5.4,3.151910238666457,84
1942,03,-3,4.55958012551497,93
1942,04,3.7,2.851681940125941,90
1942,05,9.6,2.8187490055083355,93
1942,06,13.1,2.0377428089201706,90
1942,07,16,1.6941495181935167,93
1942,08,17.5,2.265282110202431,93
1942,09,14.6,2.552051144412153,90
1942,10,11,1.9135933854123197,93
1942,11,5.699999999999999,2.9181818429313964,90
1942,12,4,2.356835323961567,93
1943,01,0.2,2.643122011777826,93
1943,02,3,1.3808932020872775,84
1943,03,4.5,1.9076652053660716,93
1943,04,8,2.2790148889202326,90
1943,05,12.8,2.526087358852328,93
1943,06,15.6,1.9158462663675695,90
1943,07,17.8,2.72855829844843,93
1943,08,16,2.7077680749353488,93
1943,09,15,2.10586986543265,90
1943,10,11.8,1.74331220594744,93
1943,11,5.55,1.8346110630891193,90
1943,12,3,2.2710806649322843,93
1944,01,4,1.9969266943315407,93
1944,02,1.4,2.0469319724569126,87
1944,03,2,1.605456887806965,93
1944,04,6.45,2.7416537743171028,90
1944,05,9.1,3.2761366773612717,93
1944,06,12.9,2.960298260776953,90
1944,07,18.5,2.663719590541767,93
1944,08,20,2.3694289498499628,93
1944,09,14,1.904604120003048,90
1944,10,11,2.0410673811099302,93
1944,11,5.2,2.0146046039761867,90
1944,12,3.4,1.9647709581999802,93
1945,01,0,2.615252667920262,93
1945,02,2,1.5338908974045586,84
1945,03,4,2.0662671724756434,93
1945,04,7.1,1.8192509879902141,90
1945,05,12,2.932151574607798,93
1945,06,15.6,2.1614858832457506,90
1945,07,18.2,2.5340435693954046,93
1945,08,18,1.693954959100023,93
1945,09,15.4,2.322522843709091,90
1945,10,11.2,1.4431958977394534,93
1945,11,6.25,2.3238622657576404,90
1945,12,3.8,2.8947478676719505,93
1946,01,1,2.509773788487364,93
1946,02,2,3.115308149312839,84
1946,03,1,2.7044342235259142,93
1946,04,6.699999999999999,2.1016300670732866,90
1946,05,11.5,3.1308042870596315,93
1946,06,14.1,1.8524475155190792,90
1946,07,18.6,1.786660351806191,93
1946,08,17,1.500310860729162,93
1946,09,14.6,1.6860964825046658,90
1946,10,9,3.139476287607347,93
1946,11,5.6,1.9495881315412986,90
1946,12,2,3.0599621560481656,93
1947,01,-3,3.1193772229404275,93
1947,02,-5,2.789847948856627,84
1947,03,-2,4.6236269963325896,93
1947,04,4.15,2.2226436554194375,90
1947,05,12,3.9648033660763433,93
1947,06,16,3.540770915585218,90
1947,07,18,2.5661473461131443,93
1947,08,19.4,2.7812704238603776,93
1947,09,17,2.7796523013417627,90
1947,10,9.6,3.2275292150551627,93
1947,11,5.85,3.2053084870069686,90
1947,12,3.4,2.470146200812704,93
1948,01,2,2.7893196088504997,93
1948,02,0.8,3.584048684369764,87
1948,03,3.8,3.069765011039347,93
1948,04,7.4,2.6786316312121636,90
1948,05,11.8,2.7530640841310614,93
1948,06,16.4,1.9818971604391595,90
1948,07,17,2.9005420170236924,93
1948,08,17.2,2.6856239442780288,93
1948,09,15,2.5553048783312473,90
1948,10,10.2,2.8885229356685267,93
1948,11,6,2.643668619605555,90
1948,12,4.2,2.220856659281564,93
1949,01,3,2.0047005304842407,93
1949,02,3,1.9179209645242918,84
1949,03,2,3.3720973007467623,93
1949,04,7,2.1514899172248287,90
1949,05,12.2,2.6568843775379882,93
1949,06,14.7,1.965049166615426,90
1949,07,18.2,2.121600214644771,93
1949,08,16.4,1.785517814610837,93
1949,09,16.9,2.1977618850482386,90
1949,10,13,2.901132680090568,93
1949,11,7.05,1.9555535694008754,90
1949,12,5,1.959737319127566,93
1950,01,-0.4,3.1139610074116577,93
1950,02,1.8,2.2893862591289045,84
1950,03,4,2.4624406263384646,93
1950,04,6.4,1.8452273356147408,90
1950,05,12.4,2.3467627628651857,93
1950,06,16.1,2.532362567797416,90
1950,07,17.2,1.9602179516452536,93
1950,08,18.4,2.0999454566705102,93
1950,09,14.5,1.961172418078841,90
1950,10,11,3.737048696408275,93
1950,11,5.9,1.6007582472978656,90
1950,12,2,2.5553260935935906,93
1951,01,1.4,1.9433966544004175,93
1951,02,1.2,1.5689873072768528,84
1951,03,0.4,1.7181401602017736,93
1951,04,5,2.240150030645325,90
1951,05,10.1,2.4624192674890595,93
1951,06,15.6,2.149627613426217,90
1951,07,16.4,2.1757315675738695,93
1951,08,17.3,1.9547319744914164,93
1951,09,15.5,2.5350418051400534,90
1951,10,10.2,2.214043113801292,93
1951,11,8.2,1.7023579153368753,90
1951,12,5.6,1.522768602553847,93
1952,01,2,1.9749127841271463,93
1952,02,1.8,1.848598448989971,87
1952,03,1,2.309757844379524,93
1952,04,7.4,3.130371737666315,90
1952,05,11.1,2.354501423199115,93
1952,06,13,2.313506993017651,90
1952,07,16.4,2.4213345803647472,93
1952,08,16.8,2.0696209787766517,93
1952,09,12.350000000000001,2.0675798393314797,90
1952,10,8.2,2.4382792505371107,93
1952,11,3.1500000000000004,2.0218420298104682,90
1952,12,1.8,1.6272745436442821,93
1953,01,1,2.35230979758709,93
1953,02,0.30000000000000004,4.2094413116294636,84
1953,03,3,2.177423579723361,93
1953,04,7.2,1.9236085004286472,90
1953,05,11.6,3.669458433977823,93
1953,06,17.15,3.4469867787219814,90
1953,07,18,2.460306198802368,93
1953,08,16.6,1.7535984508665947,93
1953,09,13.6,1.8863333303550807,90
1953,10,11.3,1.6581312529431769,93
1953,11,8.2,2.273106076705409,90
1953,12,3.8,2.8881065458687383,93
1954,01,0,3.706178584579373,93
1954,02,-3,2.258336694164785,84
1954,03,0.4,1.629861017946442,93
1954,04,4.75,1.817706296345832,90
1954,05,10.8,3.593496085812127,93
1954,06,15.8,2.398210943669693,90
1954,07,15,1.5845258912811278,93
1954,08,15.2,1.3176304755606663,93
1954,09,14.1,2.6812385104765335,90
1954,10,10.2,1.580535531590453,93
1954,11,5.65,3.025815064407441,90
1954,12,4.4,2.029398817517717,93
1955,01,0,1.556273404569686,93
1955,02,-2,3.706570084325563,84
1955,03,-0.4,2.2713055479185558,93
1955,04,4.300000000000001,2.4439803497701083,90
1955,05,8,1.8194471775213912,93
1955,06,13.2,2.9237904442346334,90
1955,07,18.6,2.745836237522416,93
1955,08,19.8,2.5497852580335243,93
1955,09,15.45,2.723846008615701,90
1955,10,11,3.390029519082755,93
1955,11,6.5,2.7791368710114353,90
1955,12,3.4,3.309329891250759,93
1956,01,1.8,3.8973855731439184,93
1956,02,-5.4,4.878005177271693,87
1956,03,0.2,2.1981892543932533,93
1956,04,3.8,2.215325126979608,90
1956,05,9.5,2.9715437845954944,93
1956,06,14.1,2.1747527016555934,90
1956,07,16.8,2.0842902898001547,93
1956,08,14.6,1.3774302760930937,93
1956,09,13.75,1.8990358286908873,90
1956,10,10.5,3.0939330458785976,93
1956,11,4,2.622566287548185,90
1956,12,4.4,3.0069228212135615,93
1957,01,2.4,2.1795175768263912,93
1957,02,2.6500000000000004,1.7606800568999885,84
1957,03,2.8,2.2411401584709454,93
1957,04,5.65,2.7558277824533635,90
1957,05,9.8,2.9608845480958688,93
1957,06,15.1,2.9389765261436627,90
1957,07,18,2.0610226585974223,93
1957,08,16.6,2.2357689788082347,93
1957,09,12.5,2.4636594686620326,90
1957,10,10.4,1.1680960321591525,93
1957,11,6.550000000000001,3.5251911344396754,90
1957,12,3.6,3.008142293193755,93
1958,01,0.8,2.8106106973073675,93
1958,02,0.1,4.060489804527013,84
1958,03,-0.6,2.524645698831488,93
1958,04,3.8,2.4849117724486582,90
1958,05,9.2,2.2569605596336713,93
1958,06,13.8,2.9149440605961026,90
1958,07,16.8,2.694302075605908,93
1958,08,16.1,1.3040618745305075,93
1958,09,14.850000000000001,2.3189608181047645,90
1958,10,11.2,2.6205859613335836,93
1958,11,7.2,1.4485017443450963,90
1958,12,3.5,2.45685966638102,93
1959,01,1.6,2.663401899342147,93
1959,02,0.6499999999999999,2.2303556930450723,84
1959,03,3.8,2.020829471567475,93
1959,04,6.35,2.539083755432975,90
1959,05,11.6,2.6496129543490192,93
1959,06,16.1,2.3342611852358934,90
1959,07,19.3,2.267536202601301,93
1959,08,19.6,2.7862419120600186,93
1959,09,15.7,2.6847383903686226,90
1959,10,11.4,2.5356149453347885,93
1959,11,6.8,1.8888317535604984,90
1959,12,4.2,2.8047795312276915,93
1960,01,0.7,4.442610518467023,93
1960,02,0,2.1723223123689137,87
1960,03,1.8,2.097554732987321,93
1960,04,5.4,2.236459883161056,90
1960,05,11.5,2.9241837946493954,93
1960,06,15.649999999999999,2.5145442100447672,90
1960,07,15.8,1.9715383674587343,93
1960,08,17.2,1.927903419314074,93
1960,09,14.4,2.7266887355681355,90
1960,10,8.8,2.646082605604032,93
1960,11,7,2.3341357635742837,90
1960,12,3.8,2.4556943585488598,93
1961,01,2,2.438985219585345,93
1961,02,2.85,1.4411236412596908,84
1961,03,5.2,1.8172952277585595,93
1961,04,7.8,3.051025901428242,90
1961,05,10.7,2.109354374347241,93
1961,06,16.35,2.02168641980525,90
1961,07,15.6,1.9297243079332165,93
1961,08,15.4,1.5392146896006944,93
1961,09,14.75,2.0299163897346504,90
1961,10,12,1.617268170321749,93
1961,11,6,2.7126984413969706,90
1961,12,2.2,3.8438164886855586,93
1962,01,2.8,2.5039645983275043,93
1962,02,1.55,2.328462356962458,84
1962,03,0.2,2.187633118904219,93
1962,04,6.1,2.4311554565540607,90
1962,05,9.2,1.8577768261709686,93
1962,06,14.2,2.4936974237962772,90
1962,07,15.2,2.4050292093644545,93
1962,08,15,1.4175990445179036,94
1962,09,12.8,1.601912090929514,90
1962,10,10.6,2.011240037641842,93
1962,11,4.9,2.775747472746652,90
1962,12,0.4,3.881266366986515,93
1963,01,-4.6,3.3530400404493346,93
1963,02,-4.1,2.7195589987067628,84
1963,03,-0.4,2.545575229527083,93
1963,04,3.6,2.116455060347824,90
1963,05,9.8,3.861716778194423,93
1963,06,16,2.011110214441693,90
1963,07,18,2.329645118212556,93
1963,08,16.4,2.824862071376254,93
1963,09,14.2,1.9806054005805873,90
1963,10,10,1.5921441081604613,93
1963,11,7.699999999999999,1.2905688822957349,90
1963,12,0.2,2.6254517187415063,93
1964,01,1,1.6475519119219866,93
1964,02,0,2.687748794921699,87
1964,03,-0.2,1.8827282681391662,93
1964,04,5.4,2.798645115390236,90
1964,05,10.2,3.036924855173417,93
1964,06,15.2,2.1913335145032735,90
1964,07,15.8,2.297759951510146,93
1964,08,15.4,1.803847635655551,93
1964,09,13.75,2.1276480893253913,90
1964,10,9.2,2.116271916748755,93
1964,11,6.9,1.941522112894012,90
1964,12,2.6,3.4959807952032724,93
1965,01,2.2,1.9781402385015718,93
1965,02,-0.4,2.3290527081838586,84
1965,03,1.6,3.330985615495883,93
1965,04,5.15,2.9938974552469784,90
1965,05,8.8,2.3723630817953136,93
1965,06,15.2,2.071228805333912,90
1965,07,14.2,2.2254362763098494,93
1965,08,15.4,1.818064257323917,93
1965,09,14.7,1.4473450660863825,90
1965,10,11,2.227674548569236,93
1965,11,2,4.674525752548162,90
1965,12,2.1,1.9228480318344678,93
1966,01,-1.6,2.212544455751557,93
1966,02,-0.8,3.9901858950134392,84
1966,03,2.2,1.824287471297661,93
1966,04,2.3,3.169014308171116,90
1966,05,9.9,2.3481787477766787,93
1966,06,15.6,2.3771183469603865,90
1966,07,17,2.3260115204503786,93
1966,08,15.6,2.1169919647844986,93
1966,09,14,1.9884259359783585,90
1966,10,11,3.0329397789380517,93
1966,11,5,2.004404949354983,90
1966,12,3,2.44087733979778,93
1967,01,1,2.83915264670388,93
1967,02,2.2,1.5891828113946265,84
1967,03,4.4,1.2319989496240278,93
1967,04,5.6,2.150957165795879,90
1967,05,11.2,2.6018603766064845,93
1967,06,14.8,2.0808865032002584,90
1967,07,17.6,2.1439058744070296,93
1967,08,17.8,1.8626223050668105,93
1967,09,15,1.7639478053998028,90
1967,10,12.2,1.9876218166966544,93
1967,11,7.35,2.290959271140033,90
1967,12,2.2,3.8574478818025284,93
1968,01,0.6,3.7980350348867518,93
1968,02,0.35,2.155021353117619,88
1968,03,2.8,2.5812088415476895,93
1968,04,6.699999999999999,3.181823376619136,90
1968,05,9.4,2.4340492200083164,93
1968,06,16.4,2.456276578830316,90
1968,07,16.2,2.3597742184055095,93
1968,08,17.6,2.4534078159110533,93
1968,09,14.649999999999999,3.40692106029933,90
1968,10,11,2.120806783248938,93
1968,11,6,2.8580982039322667,90
1968,12,1.6,1.8127451229517662,93
1969,01,0.5,1.9794036483696436,93
1969,02,-0.95,2.953649152509761,84
1969,03,0,1.8803926658653272,93
1969,04,4.4,2.246263369708099,90
1969,05,9.4,2.353257616980068,93
1969,06,16.4,3.4197672055747588,90
1969,07,17.6,2.3011801553826423,93
1969,08,18.6,2.714870396837067,93
1969,09,15.6,2.543533820225654,90
1969,10,11.2,1.9282562181957958,93
1969,11,6.9,3.719503544389908,90
1969,12,-1,2.2380413070373857,93
1970,01,-1.6,2.1368446387828777,94
1970,02,-3,2.538858783305725,85
1970,03,0.2,1.3072173515911862,93
1970,04,3.2,2.0498944889262805,90
1970,05,10.2,3.140699367954389,93
1970,06,16.8,2.9791753293397014,90
1970,07,15.8,1.906694488104411,93
1970,08,17,1.9061433371319114,93
1970,09,13.8,2.5639265007257124,90
1970,10,10.4,2.2820728461178255,93
1970,11,5.8,2.36719279903755,90
1970,12,4.5,3.6564157144091043,93
1971,01,1.8,2.502974387686327,93
1971,02,2.6,2.461500167612786,84
1971,03,1.2,3.451757281588002,93
1971,04,5.6,2.0871702495093576,90
1971,05,11.2,3.2632467567281442,95
1971,06,14,2.5163897429089435,91
1971,07,17.2,2.7593578299078185,93
1971,08,17.5,2.364319566518604,93
1971,09,13.5,2.1921309728771208,90
1971,10,10.4,2.848301495957671,93
1971,11,5.699999999999999,4.000031210864503,90
1971,12,5.5,2.1564687903511994,93
1972,01,-0.4,2.4725737301170394,93
1972,02,1,1.373097575806777,87
1972,03,2.5,2.197468155095796,93
1972,04,5.75,1.7692758627901093,90
1972,05,9.8,2.074960923270503,93
1972,06,14.4,2.3416875590521733,90
1972,07,18.2,2.5578678957371923,93
1972,08,17.7,2.2326930344470233,93
1972,09,13,3.104697419623325,90
1972,10,10,2.2564167500241665,93
1972,11,6.35,2.2784889422981145,90
1972,12,4.6,2.28842954248563,93
1973,01,1.95,1.3594173025599143,186
1973,02,2.5,2.1427651885859422,223
1973,03,4.5,1.8409883085453316,248
1973,04,5.2,1.8734196368364455,239
1973,05,10.3,2.6347518289106016,248
1973,06,15.2,3.157967911796862,240
1973,07,18.15,2.4377180871417874,248
1973,08,17.2,2.4350821710107127,248
1973,09,13.75,2.863343083228652,240
1973,10,7.7,3.7521463971797715,248
1973,11,5.8,3.3352591804173,240
1973,12,2.4,2.491072606758086,248
1974,01,2.9,1.6146853955097595,248
1974,02,2.8,1.3554604597003832,223
1974,03,3,2.114917715341862,248
1974,04,6.65,2.979167995532762,240
1974,05,10.1,3.088335006469494,248
1974,06,14.2,3.0062417343606014,240
1974,07,15.05,1.4071460167652707,248
1974,08,16.4,1.9339586084446645,248
1974,09,14.649999999999999,2.251871954897798,240
1974,10,8.1,1.9516199742018938,248
1974,11,6.4,1.7263714153096739,240
1974,12,5.1,1.6243482031326422,248
1975,01,5,1.5146981332582983,248
1975,02,2.2,1.9583652843132537,224
1975,03,2.9,1.930172400493002,248
1975,04,4.55,2.7044875925164296,240
1975,05,10.45,2.8310068084396924,248
1975,06,14.149999999999999,3.7552698598382537,210
1975,07,18,2.0676611204004063,248
1975,08,19,2.709645919827857,248
1975,09,16.05,2.3217989466521503,240
1975,10,9.3,3.05344216320074,248
1975,11,5.55,2.964455134904545,240
1975,12,4.8,2.3151470727353223,248
1976,01,1.55,3.385210865730384,248
1976,02,0.4,2.247972623290139,232
1976,03,-0.4,2.7566324497665,248
1976,04,4.8,2.2127889578778173,240
1976,05,9.6,2.401140161675049,248
1976,06,14.149999999999999,2.9858820525598735,240
1976,07,18.1,2.299940519698095,248
1976,08,17.4,2.5200426828560825,248
1976,09,13.5,2.31711824462061,240
1976,10,9.4,2.7814766019111565,248
1976,11,6.7,2.3559103618758215,240
1976,12,1.3,2.9335198242875484,248
1977,01,0.7,1.454139834749338,248
1977,02,0.8500000000000001,1.904171587503939,224
1977,03,3.1,1.8227315043992145,248
1977,04,4.6,2.5034669127001976,240
1977,05,9.850000000000001,2.686781086741353,248
1977,06,15.55,2.652274588936551,240
1977,07,15.7,1.8173664870223667,248
1977,08,16.1,2.153352160159316,248
1977,09,12.95,2.8829454516149706,240
1977,10,11.3,1.6142181404051648,217
1977,11,7.15,3.5983143426869493,240
1977,12,3.8,2.3022097600537896,248
1978,01,1.8,1.6197075033782904,248
1978,02,-1.1,2.5098907485200876,224
1978,03,2.3,2.734827732678585,217
1978,04,4.1,2.1701448318840058,240
1978,05,10.5,4.3816480488366,248
1978,06,14.5,2.6214817645753112,233
1978,07,14.5,2.4037914294410836,248
1978,08,16.45,2.6389100004730817,248
1978,09,11.7,1.5495693827533272,240
1978,10,10.2,1.871161893557454,247
1978,11,8.8,3.1045245246908992,240
1978,12,1,3.6298143869156805,247
1979,01,-2.2,2.5670598165228586,248
1979,02,-2.45,2.595743818355677,224
1979,03,1.05,2.2950235512610275,186
1979,04,4,1.8215412095156502,240
1979,05,10.25,3.6714804864674,186
1979,06,15.2,2.6089976473445455,240
1979,07,14,1.8429552004776846,186
1979,08,15.2,2.0818910322757698,186
1979,09,12.8,2.4320290090110235,150
1979,10,9.1,2.645848215137262,155
1979,11,5.15,1.2177110017085369,240
1979,12,2.6,3.242009395170739,248
1980,01,-1,1.775325664003341,248
1980,02,-1,1.3714289212941784,232
1980,03,0.3,1.8356346293914623,248
1980,04,4.9,2.2245708140749376,240
1980,05,9.1,2.956808493729486,248
1980,06,14.05,2.1606211656554652,240
1980,07,16,2.424682619197742,248
1980,08,15.8,2.17585381397114,248
1980,09,13.7,1.758263811775458,240
1980,10,9.649999999999999,2.7723510524178745,248
1980,11,4.4,3.3547430722624063,240
1980,12,3.3,3.4668677505029812,248
1981,01,0.8,2.954034231049701,248
1981,02,0.8,2.177895474891201,224
1981,03,2.2,2.4166150042739676,248
1981,04,5.2,2.294948518579201,240
1981,05,12,3.575376150012558,248
1981,06,14,1.9203162149530053,240
1981,07,15.95,1.9302943575132556,248
1981,08,15.8,2.53341412255559,248
1981,09,14.1,1.623211117059002,240
1981,10,8.7,2.7978329596223337,248
1981,11,5.85,2.597697423443633,240
1981,12,-0.9,3.9492320382267074,217
1982,01,-1.95,3.715091733556835,248
1982,02,-0.7,1.965874583070168,224
1982,03,2.4,1.6666492043401948,248
1982,04,5.8,1.9578851858556905,180
1982,05,9.25,3.1920106562507553,230
1982,06,13.8,2.993870277732224,240
1982,07,18.1,2.755748263462455,248
1982,08,17.2,3.1294888224999147,217
1982,09,14.7,1.7825673607562078,231
1982,10,11.1,1.9110122894645456,248
1982,11,7.1,2.271968185328845,240
1982,12,3.6,1.6971642613856193,217
1983,01,4.9,1.5894607498573496,217
1983,02,0.6,2.0953789704555392,196
1983,03,3.6,1.4971931860427254,248
1983,04,6.2,1.9871637852337414,240
1983,05,10.2,2.427132091723728,248
1983,06,14.45,2.362950273665508,240
1983,07,17.5,2.7853494295025056,248
1983,08,17.2,2.191240374834674,248
1983,09,14.3,2.6342482036297112,240
1983,10,10.4,2.4581079042859835,248
1983,11,5.4,3.761376026995634,240
1983,12,2.9,2.6665839217877223,248
1984,01,2.05,2.4397683235049628,248
1984,02,0.7,1.6442778390169863,232
1984,03,1.1,1.8487217133353824,248
1984,04,5.35,2.7381192261828535,240
1984,05,10.8,3.540150841919659,248
1984,06,13.350000000000001,2.408075348249134,240
1984,07,15.55,2.226068146173103,248
1984,08,17,1.9169245027991824,248
1984,09,12.350000000000001,1.927847565112352,240
1984,10,11.6,1.288627788634629,248
1984,11,6.9,2.0938809285860156,240
1984,12,3.6,2.6512617400319005,248
1985,01,-4.35,4.143620368044475,248
1985,02,-4.35,5.177318943834574,224
1985,03,0.2,1.374034620204754,248
1985,04,3.6,1.9406895620603768,240
1985,05,10.4,3.9033032485946757,248
1985,06,13.4,2.238348259067452,240
1985,07,15.95,1.9688880561411444,248
1985,08,15.6,1.6262955575274718,248
1985,09,12,1.7469074373703914,239
1985,10,10.3,2.6487005248648297,248
1985,11,2.4,2.9221559919966738,240
1985,12,4.1,2.870531829504328,248
1986,01,0,3.0482322469796665,248
1986,02,-4.6,3.085139017848154,224
1986,03,0.8,2.8222616174489072,248
1986,04,3.6,2.462168426657148,240
1986,05,9.9,2.0065274423515906,248
1986,06,13.7,3.490072566612785,240
1986,07,15.9,2.73907910839057,248
1986,08,15.4,2.2372829271626413,248
1986,09,11.45,1.5391805314866969,240
1986,10,9.149999999999999,1.6422907708747256,248
1986,11,7.5,1.055487668790082,240
1986,12,3.6,3.8242662359854833,248
1987,01,-2.8,5.725035451367977,248
1987,02,-1,2.363387182629206,224
1987,03,-1.7000000000000002,4.068800834540937,248
1987,04,3.55,3.008469883354594,240
1987,05,8.2,1.9228090710682015,248
1987,06,11.6,2.0325839011470674,240
1987,07,14.7,1.9769554819639956,248
1987,08,14.6,1.8213897149336071,248
1987,09,13.149999999999999,2.3055081926766823,240
1987,10,10.45,2.0188979184235687,248
1987,11,6.5,1.6823100753663751,240
1987,12,2.7,2.440456079973846,248
1988,01,3.3499999999999996,1.6572829521042898,248
1988,02,2.95,1.7936021043510868,232
1988,03,2,1.8563587073935544,248
1988,04,4.85,2.3361284936647073,240
1988,05,10.7,3.0600680688720536,248
1988,06,16.35,2.531695832166826,240
1988,07,17.7,1.64984193741117,248
1988,08,15.9,1.8077248877937888,248
1988,09,14.1,2.0898973301976067,240
1988,10,10.1,3.1566830489025883,248
1988,11,4.9,3.185473013444994,240
1988,12,4,2.3037539420291075,248
1989,01,4.4,1.4175866971305195,248
1989,02,4.3,1.1616385961472426,224
1989,03,4.95,1.3822072677109212,248
1989,04,6.55,3.140512710320085,240
1989,05,11.6,2.7563323924743397,248
1989,06,15.95,3.5642538013433493,240
1989,07,17.35,3.083460932828311,248
1989,08,16,2.422067228181216,248
1989,09,14.7,2.1596308894810146,240
1989,10,11.3,1.8248233467470114,248
1989,11,6.8,3.7832232379731847,240
1989,12,3,3.126450871240549,248
1990,01,4.5,2.045799871383348,248
1990,02,5.3,1.9317668736998652,224
1990,03,5.95,1.8951027391831698,248
1990,04,7.7,3.215726235728412,240
1990,05,12.75,2.5477213338662494,248
1990,06,15.9,2.055748649631139,240
1990,07,16.25,2.0343382369127654,248
1990,08,17.3,2.232539195395842,248
1990,09,13.5,2.281152500256871,240
1990,10,11.2,2.566060180346056,248
1990,11,5.6,2.6688564601233202,240
1990,12,3.3,1.7596710794044175,248
1991,01,3.25,2.2563540147746215,248
1991,02,-0.8,2.1724202709052642,224
1991,03,3.5,1.5353051522970849,248
1991,04,6,2.3808663144436397,240
1991,05,9.4,2.418832558662551,248
1991,06,12.3,1.9187017272081743,240
1991,07,16.85,2.8457336797931845,248
1991,08,17.5,2.0908944242295275,248
1991,09,14.3,2.0129929682879095,240
1991,10,10.7,3.169810742561675,248
1991,11,6.3,2.550963255045308,240
1991,12,3.8,1.7743981977973122,248
1992,01,3.4,2.378532888534748,248
1992,02,3.6,1.9215378269865986,232
1992,03,4.5,1.5538742777309436,248
1992,04,6.2,1.8949940936749017,240
1992,05,11.5,3.795895220327321,248
1992,06,18.15,3.294883585984228,240
1992,07,18.7,2.5489146732467827,248
1992,08,17.45,2.369097113035101,248
1992,09,14.25,1.9007393683626155,240
1992,10,7.4,2.8629963168695793,248
1992,11,6.1,2.1602610627272076,240
1992,12,4.4,2.533826527376557,248
1993,01,3.2,3.151790698770247,248
1993,02,1.8,2.2738662337400117,224
1993,03,2.7,2.232259593208607,248
1993,04,5.75,4.007501660719488,240
1993,05,13,3.1064602584935126,248
1993,06,14.3,2.479782652047292,240
1993,07,15.149999999999999,1.9679984730874263,248
1993,08,15.2,1.897355884097848,248
1993,09,11.8,1.8469629033976824,240
1993,10,7.4,3.1613651265294007,248
1993,11,2.6,2.9270545538522743,240
1993,12,3,2.0198958151567528,248
1994,01,3.2,1.6985478052526175,248
1994,02,-0.35,2.0341754484224723,224
1994,03,3.2,2.0158222255782303,248
1994,04,6.45,2.8128135963398875,240
1994,05,10.3,2.3491049801816706,248
1994,06,13.45,2.340485613702804,240
1994,07,20.15,3.675576513599823,248
1994,08,18.05,3.467278243020404,248
1994,09,13.9,1.7031412748892913,240
1994,10,9.4,1.9454930033257098,248
1994,11,7.3,1.9797790544913112,240
1994,12,4.95,2.36714701160133,248
1995,01,1.6,1.9493507875398748,248
1995,02,3.7,1.4601276978326996,224
1995,03,3.3,1.7453391355044638,248
1995,04,5.25,3.3877836307636726,240
1995,05,9.8,3.045459734873376,248
1995,06,14,2.584042564721041,240
1995,07,18,3.0004578249763703,248
1995,08,19.9,3.277140296695611,248
1995,09,14.2,2.5532037126025453,240
1995,10,13.1,2.461443040464732,248
1995,11,5.05,2.8379948526770584,240
1995,12,0.25,2.702614834316359,248
1996,01,-0.6,2.5934455664170772,248
1996,02,-2.6,2.459156130254058,232
1996,03,0.1,1.3379209567883883,248
1996,04,5.65,3.436264777435168,240
1996,05,8.45,2.079924973029279,248
1996,06,13.25,2.5810346546344527,240
1996,07,15.45,2.2521081209919402,248
1996,08,18.2,2.2253096935789465,248
1996,09,12.6,3.111322620989801,240
1996,10,11.1,1.4710771596569499,248
1996,11,5.7,3.2966188671682377,240
1996,12,1.1,4.062463188368596,248
1997,01,-0.1,3.0910847212297554,248
1997,02,2.9,2.850276427416151,224
1997,03,3.7,2.2742144916725584,248
1997,04,5.6,2.0508031134269915,240
1997,05,9.6,2.417651313535707,248
1997,06,14.8,2.1782290591282365,240
1997,07,18.1,2.2887302968998418,248
1997,08,21.55,2.847152569214274,248
1997,09,14.850000000000001,3.0644363061543616,240
1997,10,9.05,3.780284962098961,248
1997,11,5.15,2.724949425656362,240
1997,12,3.5,2.337366703570698,248
1998,01,4,2.7232985157818845,248
1998,02,4.65,2.6297002701011665,224
1998,03,3.45,2.1796780291055593,248
1998,04,6.2,2.903181747808588,240
1998,05,11.649999999999999,2.599742273068328,248
1998,06,14.7,1.9884997112931926,240
1998,07,15.3,1.841544880621241,248
1998,08,15.7,1.7387403401556323,248
1998,09,14.2,1.7313436204917767,240
1998,10,9.4,1.5564675046776302,248
1998,11,2.7,2.6615223763539237,240
1998,12,2.05,2.55894563996547,248
1999,01,2.95,3.172011117855826,248
1999,02,1.15,2.1296595577318373,224
1999,03,3.1,1.7778662062583228,248
1999,04,7.1,2.434486040283396,240
1999,05,10.2,3.1090664580488125,248
1999,06,14.6,2.245266367265164,240
1999,07,18.15,2.5350894841601725,248
1999,08,17.15,2.8750923124563528,248
1999,09,16.6,1.7452194117013138,240
1999,10,10.7,2.8029695337034135,248
1999,11,7,3.171529747838193,240
1999,12,3.5,2.5535387422942195,248
2000,01,3.4,2.8219044405405334,248
2000,02,3.7,1.6394369143182235,232
2000,03,3.9,1.7789207581008022,248
2000,04,7.2,3.4885147029410644,240
2000,05,12.9,2.807647319846176,248
2000,06,14.45,2.9866494838648228,240
2000,07,15.5,1.9558845886107388,248
2000,08,16.2,1.7695451843146959,248
2000,09,13.9,1.8055114753407604,240
2000,10,12.3,1.36183251374068,248
2000,11,8.2,1.171351423018052,240
2000,12,5.05,3.7987285047209336,248
2001,01,2.8,1.7837449233051805,248
2001,02,2.05,3.6090879034563677,224
2001,03,1.9,2.536917056590097,248
2001,04,5.3,2.097447475749653,240
2001,05,11.8,2.6504522852112,248
2001,06,13.8,2.789510106057901,240
2001,07,18.8,2.72503829592327,248
2001,08,17.45,2.089514008869304,248
2001,09,13.4,2.0771107209297712,240
2001,10,12.6,1.7342653985214649,248
2001,11,6.3,2.584705039162112,240
2001,12,1.85,3.0066154042557565,248
2002,01,2.4,2.663998218669949,248
2002,02,4.05,2.1211009656624724,224
2002,03,4.4,1.9017488411527033,248
2002,04,7,2.4876250205120995,240
2002,05,12.6,2.4918896457891493,248
2002,06,16.2,2.2581881074417502,240
2002,07,17.5,2.771195050155722,248
2002,08,20,1.9932095446505333,248
2002,09,15.9,4.0995802077841805,240
2002,10,8,3.3642438970479835,248
2002,11,5.9,2.3859800871528867,240
2002,12,1,2.8106232365202373,248
2003,01,1.9,4.193382081094714,248
2003,02,-0.95,1.7176978973684398,224
2003,03,2.7,2.5473737907351635,248
2003,04,5.85,3.1408730486396377,240
2003,05,10.9,2.59946018521891,248
2003,06,15.9,2.030564053796146,240
2003,07,18.3,2.4461198895474117,248
2003,08,18,3.463457908179214,248
2003,09,15,2.478877258285643,240
2003,10,7.95,4.01470001543352,248
2003,11,7.5,1.6246745731435717,240
2003,12,4.7,2.122482991045394,248
2004,01,-0.5,2.6391146333686604,248
2004,02,1.2,2.2364756664177188,232
2004,03,3.05,2.520788809950143,248
2004,04,7.5,2.6579098288501934,240
2004,05,11.4,2.3735476852888,248
2004,06,13.7,2.1253387620698225,240
2004,07,15.3,2.1154387184836905,248
2004,08,18.4,2.467569957541978,248
2004,09,14.95,2.4379998146501793,240
2004,10,10,2.362651665837316,248
2004,11,6.2,2.4011327812501047,240
2004,12,4.9,2.0853605478045805,248
2005,01,3.8499999999999996,3.242694821819844,248
2005,02,0.7,2.0288715254742486,224
2005,03,1.25,3.1593179895875205,248
2005,04,6.5,2.543922085012915,240
2005,05,10.75,2.845813762071393,248
2005,06,14.3,2.7774947008248607,240
2005,07,17.8,2.7470933978674674,248
2005,08,16.05,2.1027733681487124,248
2005,09,15.2,2.3440960809107514,240
2005,10,12.1,2.6152085306671498,248
2005,11,6.75,4.095103698644264,240
2005,12,3.1,2.5710957778268986,248
2006,01,-0.2,2.371813796579976,248
2006,02,0.5,1.614698659716798,224
2006,03,-0.2,3.127502524164839,248
2006,04,5.2,1.7785742001657165,240
2006,05,10.6,2.7113684198890096,248
2006,06,15.8,3.076499758993177,240
2006,07,21,2.659504702110133,248
2006,08,17.9,2.4053115606508118,248
2006,09,16.3,1.7280681888374563,240
2006,10,13.25,2.0949493282026443,248
2006,11,8.3,2.291978576465993,240
2006,12,7.1,1.4268246179087116,248
2007,01,6.2,3.2224658685543357,248
2007,02,2.3499999999999996,2.2284115834957507,224
2007,03,5.1,2.0091779991344283,248
2007,04,8.1,2.4498995226030735,240
2007,05,11.8,2.961063743247743,248
2007,06,16.4,2.846567306837666,240
2007,07,16.4,1.9670622205583956,248
2007,08,17.65,2.3278256382097764,248
2007,09,13.7,1.8205751079945514,240
2007,10,9.9,2.5222083967333417,248
2007,11,5.55,2.51176187142507,240
2007,12,4.2,2.2895488827401866,248
2008,01,4.25,2.015113329105025,248
2008,02,4.5,1.9897038676190064,232
2008,03,4.2,2.3157240487421955,248
2008,04,6.5,2.685885644356563,240
2008,05,12.3,3.41219242861681,248
2008,06,15.7,2.5647949124281446,240
2008,07,17.6,2.7055196520144396,248
2008,08,17.4,2.0577808265847684,248
2008,09,13.8,3.0321014940159814,240
2008,10,10.95,2.247789679497292,248
2008,11,7.85,2.951492749286951,240
2008,12,4.1,2.3313293726099915,248
2009,01,1.55,2.2374315938435805,248
2009,02,0.8,2.2008086278165173,224
2009,03,3.5,1.8824524960181388,248
2009,04,7.8,3.0417065777553876,240
2009,05,11.6,2.951002484818372,248
2009,06,14.1,3.5742067372436472,240
2009,07,18.4,2.4386123823421637,248
2009,08,18.3,2.0961169454932027,248
2009,09,15.5,2.288098947202607,240
2009,10,8.4,2.621212106228299,248
2009,11,7.7,1.7334704510726395,240
2009,12,2.1,3.374361151015797,248
2010,01,-2,2.662058496627592,248
2010,02,-1.2,1.982184424540051,224
2010,03,1.8,2.8613243599522598,248
2010,04,6.15,2.3393056164351584,240
2010,05,9.3,2.6045559384300287,248
2010,06,14,2.6533459574421268,240
2010,07,20,2.7174348427668304,247
2010,08,17.8,2.397435144080046,247
2010,09,14.1,2.133960716809315,152
2010,10,9.6,2.297589855777301,155
2010,11,4.300000000000001,4.526861612932278,150
2010,12,-3.1,2.589324219987296,155
2011,01,0.3,1.7862365386284356,155
2011,02,-0.9,3.0523655173977056,140
2011,03,2.2,2.2167829209560974,155
2011,04,8.3,2.9511382553579453,150
2011,05,12.7,2.5950271479538536,155
2011,06,16.8,1.9913375042740524,150
2011,07,17.6,1.9506345846369417,155
2011,08,17.4,2.0264573854342824,155
2011,09,15,1.6191250709953593,150
2011,10,9.8,2.6996477605423372,155
2011,11,7.199999999999999,1.7945157566582843,150
2011,12,4.5,1.3424814295819953,155
2012,01,3,2.7504917486981255,155
2012,02,0,4.432963643733914,145
2012,03,4.9,2.3806134684080167,155
2012,04,6.75,2.8193563134820976,150
2012,05,12,3.6204447853919905,155
2012,06,14.95,2.2966047305948414,150
2012,07,17.2,2.1780509999441637,155
2012,08,18.5,2.3304221071125313,155
2012,09,14.55,2.4498280083902855,150
2012,10,10,2.74282901727655,155
2012,11,7.1,1.7827661185800696,150
2012,12,0.6,2.483373787966337,155
2013,01,-0.7,4.0550183548782694,155
2013,02,0.15000000000000002,1.5679498072802112,140
2013,03,0,2.5882249231929757,155
2013,04,6,2.89615775708351,150
2013,05,12.3,3.2064838209767337,154
2013,06,16.3,2.144059583799254,150
2013,07,19.4,2.5101156052871665,155
2013,08,18.4,2.5229204853602414,155
2013,09,14.8,2.622704599901506,150
2013,10,11.9,1.7775234014817496,155
2013,11,7.4,2.18802199907962,150
2013,12,5.4,1.4393084151309539,155
2014,01,1.9,3.5165590639855315,153
2014,02,3.4,1.395494696181578,140
2014,03,5.3,1.963533915619493,155
2014,04,8.8,3.1021770791086256,149
2014,05,12.2,2.867698022886022,153
2014,06,16.9,2.020102994251172,150
2014,07,21.4,3.163429621643798,155
2014,08,17.7,3.0215983096581445,157
2014,09,16,2.3742301236589274,150
2014,10,13.2,1.8369314642362342,156
2014,11,8.6,2.638350840373939,149
2014,12,4.65,2.9451206556079526,154
2015,01,3.5,1.7750723727580764,154
2015,02,2.6,1.8871660455437504,140
2015,03,5,1.8790639800548319,155
2015,04,8.1,2.210468267564187,149
2015,05,11.6,1.6843250941648336,154
2015,06,14.4,1.9970363948651781,150
2015,07,17.3,2.5155607889592546,155
2015,08,19,2.072832224538456,155
2015,09,15.3,1.872567056890176,150
2015,10,10.5,1.9312583185374201,155
2015,11,8.6,3.3957699275793196,149
2015,12,7.2,2.1225548785368313,155
2016,01,-0.1,2.966856719402641,155
2016,02,3.2,1.9558843821849736,145
2016,03,4.2,2.017399596293936,155
2016,04,7.7,1.6860372915787574,149
2016,05,14.3,3.4761064852226,155
2016,06,17.5,2.596019065572192,150
2016,07,18.5,2.341801876437809,155
2016,08,17.9,2.2096435250398003,155
2016,09,17.7,2.321126696040707,151
2016,10,9.4,2.1631132818145,155
2016,11,5.75,2.8445755906334673,150
2016,12,4.9,1.8768856179740117,155
2017,01,2.05,2.6704710098877142,154
2017,02,2.2,2.604046972925896,140
2017,03,4.6,1.944296978734614,155
2017,04,7.3,1.9279888533312608,148
2017,05,12.7,3.472691597190835,155
2017,06,16.3,2.0763008105591085,150
2017,07,16.9,1.7349238081325462,155
2017,08,18.1,1.6175734230018257,155
2017,09,14.7,1.52028918125167,150
2017,10,11.8,1.7584965204879073,155
2017,11,7.2,2.350378236018406,150
2017,12,4.4,1.9081996243715207,155
2018,01,3.3,2.0356417791128454,155
2018,02,0.6,3.0671400185048743,140
2018,03,0.9,2.378545707277603,155
2018,04,8.649999999999999,3.2607856480464323,150
2018,05,16.45,3.741488146984789,154
2018,06,19.45,2.427037210198229,150
2018,07,22.2,3.013910912116534,155
2018,08,20.1,3.243385072386876,154
2018,09,16.6,2.9707384268721566,150
2018,10,12,2.8280655820472957,153
2018,11,8.1,3.410755919221465,149
2018,12,5.1,2.21170061405251,155
2019,01,2.2,2.2554290503337127,155
2019,02,4.3,1.5526584303828221,140
2019,03,5.6,1.6623084478476022,155
2019,04,9.45,3.7233128545658625,150
2019,05,12.2,2.7969405452938525,155
2019,06,18.9,2.5240276219252458,150
2019,07,18.8,2.911387085893841,188
2019,08,19.1,2.4405089032874705,223
2019,09,15.1,2.151862276791465,151
2019,10,11.9,2.7952790328103347,210
2019,11,7.3,1.9014829718514032,180
2019,12,5.7,1.8742409719081536,155
2020,01,5.5,1.1478024028967344,155
2020,02,5.3,1.381038464844231,145
2020,03,5.7,1.8822812817504149,155
2020,04,9,2.4077544375968527,150
2020,05,12.2,2.8627970654803963,155
2020,06,18.6,2.8119948415340876,150
2020,07,17.6,2.1457439289900493,155
2020,08,20.4,3.009111703934111,155
2020,09,16.6,2.0358751120920444,150
2020,10,12,2.3310548054635203,155
2020,11,9.25,3.116307400126075,150
2020,12,5.1,1.5690502625584866,155
2021,01,1.7,2.1324584725128974,155
2021,02,0.6,3.748171119630872,140
2021,03,4.4,2.4576145575501087,156
2021,04,6.9,2.3424799597928057,151
2021,05,11.8,2.678177259085934,155
2021,06,19.05,2.5629374401548803,150
2021,07,20.85,2.322831619562007,156
2021,08,17.6,2.3739350576939344,155
2021,09,15.9,2.3966460531856932,150
2021,10,11.7,1.7436083528064839,155
2021,11,8.149999999999999,2.840389109053149,150
2021,12,2.7,2.5605148466371332,155
2022,01,4.1,1.7296042298135306,155
2022,02,4.5,1.1884150879962707,140
2022,03,4.3,2.585584898405421,155
2022,04,7.25,2.8070457852105757,150
2022,05,9.2,NA,1
